818,1098
1745,2133
2874,2876
3208,3361
3775,3777
4708,4888
5025,5449
656,1042
3551,3658
4084,4419
4307,4351
539,626
1070,1219
2117,2272
2429,2494
3910,4249
4382,4383
5374,5463
14,502
928,988
1671,1854
2513,2576
2569,2590
3446,3728
3779,3781
1492,1608
1712,1959
3813,3814
4027,4092
4121,4395
392,572
924,1089
1280,1626
1740,2189
2670,2672
3739,3741
3766,3970
4847,4850
134,581
1767,2177
2670,2751
3757,3862
383,384
403,517
1098,1169
3204,3345
4268,4363
1626,1628
1840,1907
2464,2799
3779,3866
4285,4440
1993,2016
2231,2232
2290,2629
4161,4222
4441,4900
5262,5284
1086,1119
1238,1285
1261,1330
1581,1794
1586,1700
1696,1725
1720,1987
1824,2205
2750,2751
2941,2966
4542,4863
4567,4593
4898,4960
18,103
333,447
737,764
2135,2266
2162,2175
2289,2368
2436,2501
3340,3607
4632,4898
63,557
1248,1579
1342,1409
1369,1395
1824,1851
3053,3152
3212,3422
3222,3223
3361,3365
4098,4410
351,550
527,530
721,790
963,1087
1185,1482
3102,3124
3775,3838
4431,4514
4842,4967
617,829
1068,1164
1209,1329
2387,2452
3173,3244
3495,3865
4058,4338
4354,4524
4422,4701
4476,4480
4488,4819
500,501
1110,1164
1731,2185
2015,2192
3245,3395
4338,4339
4624,4732
2015,2073
2692,2768
3115,3260
3722,3744
942,964
2017,2126
2687,2690
3345,3642
4935,4964
5103,5374
176,601
602,646
881,1155
1284,1350
1840,2233
2139,2290
2262,2541
2898,2900
3773,3774
5157,5224
5206,5389
227,573
400,424
1085,1235
1335,1402
2464,2572
5373,5379
495,497
1210,1664
1236,1240
1674,1716
2111,2117
4175,4233
4820,4952
1594,1683
2113,2234
2665,2820
5025,5138
77,78
646,949
935,993
1168,1405
1192,1539
1634,1708
1947,2206
3360,3809
5371,5494
745,746
1218,1295
1597,1599
2182,2240
2299,2303
2396,2663
3495,3562
3794,3795
4820,4821
1453,1476
1653,1654
4189,4336
4575,4945
4659,4838
4934,4935
3011,3331
3190,3406
4305,4306
1706,1938
2148,2150
2856,3183
3755,3886
5222,5465
5469,5502
56,538
1138,1327
1314,1339
2311,2358
2905,2906
4192,4308
4923,5115
101,254
313,635
1075,1138
1980,2170
3675,3740
4161,4253
5275,5420
651,1105
1391,1498
1580,1581
1924,2259
3225,3336
3868,4105
4283,4285
4980,5103
1056,1209
1605,1716
688,692
695,726
1759,2208
3088,3148
3095,3182
5384,5386
92,486
597,598
2373,2770
3772,3774
4153,4287
4822,4883
4902,4903
5065,5347
114,509
886,950
2135,2136
3302,3346
3382,3430
5392,5394
80,145
324,518
1146,1342
1580,1712
3352,3699
3531,3806
4450,4904
5049,5077
514,603
2153,2262
2326,2328
3876,4133
3948,4279
4440,4522
270,637
1145,1187
1583,1585
1861,1886
1903,2241
2275,2326
3516,3858
3905,4293
4000,4067
4624,4959
28,513
539,541
2164,2263
2202,2203
2983,3008
3718,3734
4385,4386
4832,5042
218,570
2407,2433
2738,2800
3370,3374
3856,3885
3880,4147
4100,4362
4963,5248
5115,5222
488,490
511,512
1809,2196
2130,2211
2676,2829
2838,3252
3247,3340
3416,3750
3993,4390
4846,5050
4858,4861
452,536
730,732
745,1027
767,873
809,915
1931,1996
2093,2164
2249,2491
2422,2787
3211,3212
3509,3574
4153,4215
4826,4828
38,42
823,888
3764,3835
4362,4363
1854,1919
1987,2116
2409,2681
2572,2688
4133,4320
111,112
628,865
674,1067
1053,1107
1126,1172
1592,1802
1753,1802
2659,2661
2820,3269
2927,2992
4377,4378
4659,4761
4981,4985
360,429
714,716
865,1173
1349,1414
3115,3136
3787,3880
4854,5007
4965,5262
5044,5384
753,1150
1057,1162
1917,2257
2983,3048
4283,4397
4609,4674
4958,5220
1384,1451
4014,4039
4619,4914
166,256
499,501
700,1031
1063,1218
1736,2122
2254,2506
2499,2601
2812,3159
506,508
614,615
641,913
1793,1905
3025,3333
3222,3347
3750,3831
4449,4873
4722,4778
4772,4856
333,529
384,478
1035,1037
1392,1658
3645,3757
3940,4271
4366,4412
4715,4773
562,620
1040,1041
1854,1879
3761,3763
3810,3864
3918,3995
4476,4916
297,630
737,804
1164,1391
1896,2238
2487,2746
3523,3861
640,907
1293,1360
4844,4846
5191,5495
288,370
612,643
2145,2146
3414,3738
3768,3864
4404,4631
5171,5491
72,75
1363,1388
1371,1646
2765,2766
3192,3351
3352,3839
3740,3872
3742,3803
4852,4854
5233,5367
1663,1840
2222,2266
3537,3604
3811,3977
5395,5397
61,136
326,615
423,547
705,1129
1050,1052
3235,3298
3953,4373
4063,4401
4853,4854
297,328
511,634
1081,1228
1398,1710
3282,3341
3731,3799
3788,3985
4329,4408
21,140
52,474
311,313
661,1004
760,867
3794,3868
4596,4938
156,299
175,176
1722,2001
2067,2145
2179,2333
3244,3343
3317,3529
3383,3778
3444,3825
4525,4807
5362,5423
554,628
760,1153
1995,2232
2029,2176
3039,3141
4371,4554
225,362
851,1171
1073,1182
2829,2949
3109,3163
4346,4347
4932,4963
5122,5229
10,14
2663,2777
3163,3222
4185,4297
41,114
136,138
1076,1077
3713,3784
3855,3884
3900,4023
4426,4729
4561,4924
5471,5472
886,987
1951,1977
2661,2874
952,1068
3928,4372
4554,4579
4645,4711
578,640
1810,1812
1847,1953
2595,2660
2855,3261
3060,3250
4717,4826
5012,5402
365,367
732,1075
975,1040
3613,3675
4680,4870
501,714
945,1057
1776,2103
5101,5464
1568,1570
2333,2753
2847,2878
3756,3909
4812,4813
5007,5082
5355,5489
1951,2255
2997,3064
3046,3229
20,21
1107,1269
1191,1274
1210,1549
1254,1256
1489,1636
1682,1683
3945,4058
243,326
411,528
504,645
586,632
1052,1262
1475,1562
1890,2174
2293,2342
2655,2657
3502,3569
4917,4918
4934,5143
5382,5383
252,621
333,409
400,458
566,622
981,1051
2298,2375
3195,3329
3509,3859
4391,4596
5381,5383
78,483
394,506
634,886
837,904
2128,2281
5003,5398
530,679
913,936
1154,1155
1863,2134
2969,3034
4119,4298
4290,4371
4735,4756
121,123
204,238
243,274
1176,1433
2083,2142
2169,2171
3191,3259
3437,3504
499,587
2796,3053
4347,4509
4391,4392
4922,4923
367,507
632,879
696,1023
1595,1726
1786,2106
3062,3305
3866,4098
4000,4393
4021,4384
287,288
2513,2700
2723,2881
3073,3096
3388,3719
4056,4398
4596,4661
351,377
1622,1635
2800,3067
2906,3188
3109,3130
3295,3481
3537,3877
3922,3970
4845,4956
729,1116
1307,1681
2163,2231
2244,2471
2715,2865
3278,3340
5468,5469
1959,2061
2130,2132
3774,3927
4704,4869
1377,1444
1634,1635
1911,2186
1980,2043
2134,2136
3200,3332
3273,3326
4312,4314
4382,4426
4972,5319
5312,5396
353,605
533,642
3067,3196
3437,3464
3753,3807
1485,1597
1768,2212
1919,2214
2236,2265
2364,2745
2394,2459
3147,3225
3297,3298
4535,4852
5220,5283
225,627
661,1120
706,708
2520,2710
3135,3200
3202,3263
4472,4862
4590,4874
5058,5391
5430,5484
13,92
63,169
1094,1095
1106,1162
1277,1304
2358,2691
2529,2769
3396,3400
3445,3446
4297,4299
2780,2997
4814,4964
1032,1191
3837,3878
4279,4281
4802,4824
5042,5044
2401,2764
2652,2811
3703,3762
3748,3901
4203,4327
4485,4909
5052,5395
5366,5480
1642,1700
2148,2244
4689,4929
5269,5290
1078,1114
1658,1659
2234,2443
2533,2667
5342,5364
1677,1718
3746,3748
4277,4432
5362,5368
362,609
590,634
1419,1483
1735,1786
1788,2119
1842,2163
2364,2391
2472,2738
3734,3884
4547,4921
5087,5152
47,125
679,683
774,799
1691,1896
2838,2915
3782,3791
4715,4892
4841,4843
508,661
1130,1131
1440,1462
2366,2648
2922,3243
4962,5241
713,825
1694,1695
3692,3776
4302,4427
661,665
1235,1641
2739,2913
3731,3737
4098,4123
4898,4899
5248,5428
5255,5342
134,171
279,411
616,645
678,755
1235,1266
1570,1786
2555,2732
2839,2843
4037,4350
4268,4270
5129,5479
705,778
1569,1570
1572,1731
1732,2219
2122,2183
3232,3234
4295,4296
146,488
721,831
1045,1200
1639,1793
2222,2223
3214,3303
125,127
342,452
579,753
804,1113
1571,1577
1031,1099
1775,2181
3489,3761
4243,4302
5275,5296
145,146
522,523
2193,2194
2336,2670
3655,3676
3803,3961
4729,4876
4989,5413
1054,1143
1245,1358
2555,2642
2955,3062
3025,3091
3687,3765
5360,5361
335,616
1183,1468
4275,4409
4836,4989
261,566
278,279
871,1175
3046,3147
4374,4375
4645,4670
4821,5034
4936,4965
4960,5227
5064,5445
2746,2747
3901,3905
4323,4391
4493,4565
5025,5098
55,125
810,1094
1155,1184
1468,1648
2548,2638
2812,2816
3838,4027
3919,3923
538,541
1767,1842
2325,2749
1569,1721
2451,2726
3842,3886
4326,4359
5041,5437
5227,5356
1054,1056
1137,1138
1148,1349
2187,2349
3060,3123
3201,3414
4316,4317
4353,4406
4394,4395
123,218
132,134
1118,1119
1228,1672
1461,1644
2709,2788
3956,4290
1945,1970
2904,2970
3810,3811
4221,4291
4462,4510
4673,4860
4682,4925
1583,1697
1714,1966
1932,2198
2159,2161
3194,3344
4852,4928
5066,5348
5185,5493
32,114
879,1058
2022,2078
4177,4286
4445,4833
900,922
2141,2226
3351,3805
4617,4957
789,1061
1882,1989
2061,2131
3935,4008
4494,4818
4589,4939
5107,5133
1867,1932
2146,2350
3270,3271
3573,3830
4363,4540
4432,4779
4509,4896
376,564
1137,1178
1191,1316
1615,1678
2271,2354
2285,2673
2633,2704
2682,2807
2762,2763
3352,3356
3754,3843
4273,4394
4397,4609
4825,4980
75,118
270,355
523,678
1314,1680
1613,1722
1973,2036
2225,2267
3060,3082
4350,4351
670,674
1228,1559
2429,2779
2947,2973
3378,3455
3962,4289
4270,4486
4556,4823
5057,5124
5248,5308
524,526
2203,2380
3237,3438
3845,3846
4272,4431
551,696
2126,2128
2237,2449
2344,2684
3244,3245
3351,3476
3445,3727
3509,3615
4314,4467
4319,4406
4701,4793
4949,5191
1018,1034
1704,1931
2648,2743
2698,2734
3075,3312
3909,3988
4308,4310
4385,4427
369,612
2032,2148
3298,3487
3474,3499
3518,3798
4471,4518
5008,5452
5418,5489
288,631
1607,1651
1627,1720
1820,2166
2719,2873
2904,3285
3857,4069
4458,4872
178,493
1073,1074
1618,1621
2947,3307
3440,3786
3728,3730
513,567
683,1078
2242,2464
2256,2513
2445,2722
2806,3109
2941,3006
4107,4366
4359,4533
4441,4445
4954,5206
5080,5187
5351,5357
5396,5498
5399,5401
49,552
254,562
3236,3237
4342,4400
4459,4463
1068,1070
2352,2695
2666,2780
4069,4134
4253,4324
4351,4517
4485,4558
5034,5036
5349,5350
3141,3211
4661,4935
4819,4907
744,771
865,931
1235,1308
1468,1528
2240,2457
2315,2346
3246,3279
4238,4295
4715,4802
1180,1447
2766,2962
3831,4014
5214,5462
360,385
858,924
3537,3645
3961,4071
1606,1810
2308,2639
2417,2730
114,116
270,403
1405,1430
2194,2364
3262,3263
5002,5050
1156,1157
3204,3205
3311,3312
3891,4345
3936,3940
1051,1052
2289,2713
2562,2618
2612,2696
2905,3187
2969,3075
4409,4651
4485,4598
4990,5329
570,571
2193,2246
2671,2794
3214,3216
3437,3821
3552,3818
5241,5424
94,499
714,1038
858,1170
1078,1081
3609,3849
4525,4526
4869,4948
5172,5438
5185,5251
234,369
2158,2194
2163,2165
2520,2542
2897,2924
3529,3594
3826,3827
4322,4335
4540,4647
4809,4810
1515,1580
2122,2128
2830,3169
3302,3303
4140,4330
4294,4383
4307,4310
2143,2298
2651,2657
2699,2701
2730,2731
3593,3656
4077,4185
4312,4388
4423,4708
4626,4917
4942,5164
1028,1030
1391,1711
1575,1709
2373,2480
2459,2754
2874,3198
3649,3703
3806,3807
4392,4423
4502,4829
4810,5026
2108,2203
2137,2242
1062,1187
1623,1691
2175,2325
2666,2668
2801,3073
3953,4065
4091,4156
5371,5372
391,392
673,722
2144,2146
3593,3692
3830,3874
4168,4348
5041,5110
5348,5443
5377,5482
127,535
713,1133
1521,1591
1613,1614
3387,3462
3735,3869
3773,3882
233,234
1040,1172
1286,1568
1455,1692
1875,2245
2316,2643
2681,2766
2858,2905
2897,2964
4227,4305
4856,4958
647,955
1143,1335
1909,1974
2325,2398
3189,3190
3228,3230
5446,5447
375,376
622,844
1867,1893
2499,2563
2838,2870
3786,3819
3938,3985
4561,4626
4778,4835
4828,4981
259,292
2174,2175
2873,3293
4882,4940
5136,5161
578,579
652,999
1421,1695
2001,2184
2307,2717
2358,2360
3406,3726
3615,3852
4476,4803
5465,5466
1697,1909
3266,3322
3342,3621
3782,3795
4306,4510
4864,4963
670,1124
2218,2407
2506,2607
3977,4004
5402,5411
295,297
1066,1270
1434,1682
1731,1856
2199,2373
2290,2744
3283,3460
3964,4304
4605,4882
4966,5269
189,503
2214,2256
3413,3485
4486,4488
1379,1674
1477,1586
2168,2365
4386,4582
4435,4486
5414,5415
494,644
1236,1563
1316,1583
3069,3309
5385,5496
489,641
844,952
1604,1606
2653,2774
3395,3468
4858,4894
5262,5435
5406,5439
252,283
2115,2117
2565,2677
3421,3531
4262,4284
4377,4418
4524,4551
4631,4738
566,567
724,1064
1218,1250
1262,1589
1377,1485
1856,2123
2464,2531
2548,2608
259,343
909,1149
1082,1091
1102,1160
1825,1826
2124,2125
2231,2436
2415,2482
2714,2715
2991,3266
3048,3316
3476,3743
3978,4311
4293,4299
5248,5338
112,261
542,555
2695,2697
2842,2890
3565,3590
5130,5414
5475,5504
767,832
1083,1151
1201,1660
3097,3206
3189,3341
3361,3704
3430,3432
4370,4371
4425,4722
5122,5487
1670,1671
1809,1837
1875,1982
3408,3739
3462,3783
3467,3532
4021,4086
4319,4321
5354,5504
10,459
204,289
888,1156
1817,1844
3242,3251
3843,4035
3985,3986
4510,4840
4575,4642
4749,4809
4874,4875
5007,5038
5151,5426
5206,5270
1293,1690
2881,2991
4638,4663
4833,4887
5149,5214
1270,1272
1391,1456
2004,2169
2671,2672
3351,3434
3370,3709
3762,3887
3842,3843
5366,5368
4,92
202,204
1763,2158
1861,1926
3018,3084
3320,3537
3322,3544
4077,4144
21,199
907,929
1030,1246
2263,2548
781,806
1051,1174
1130,1174
2478,2503
2663,2665
2920,2987
3278,3279
4299,4450
4367,4547
3621,3713
4182,4204
4431,4556
4855,4918
1077,1278
1809,1877
2424,2733
4119,4183
4863,4865
429,489
554,555
687,718
695,768
1261,1657
3516,3541
3544,3652
4029,4301
5406,5408
902,1145
2449,2475
2904,2931
3018,3330
3249,3251
3290,3334
3628,3808
4133,4232
4301,4386
4317,4518
415,436
1461,1553
2022,2044
2265,2562
3215,3216
3791,3936
4850,4999
558,629
867,1126
3969,4037
5180,5442
35,207
42,527
722,1049
921,1104
1628,1825
1778,1825
2401,2466
2533,2595
2731,2897
2782,3004
4659,4723
5016,5456
949,1096
1750,2089
2436,2778
2649,2801
2821,3164
3251,3396
3784,3883
4343,4501
5016,5343
502,508
1987,2049
2202,2261
2302,2350
3581,3855
4171,4275
4339,4493
5073,5140
4142,4385
4761,4831
24,28
360,496
1227,1637
1350,1634
1608,1704
2962,3069
4598,4878
605,606
652,656
1095,1245
1327,1687
1344,1653
1582,1643
3891,4016
2750,2794
2989,3015
3235,3237
3424,3764
3789,3791
3918,3950
4427,4735
4673,4772
4841,4926
52,56
134,227
2226,2422
2865,3289
3303,3495
3539,3834
4853,4962
1854,2220
2015,2102
608,809
900,1090
2520,2583
3474,3840
3854,3855
4755,4820
1750,2204
1987,2009
2471,2578
3343,3628
3586,3687
4161,4344
4868,5065
5073,5180
441,511
598,787
2308,2752
2969,3319
3487,3513
4308,4404
4687,4709
4861,5008
1245,1669
1246,1248
1433,1532
4394,4603
4501,4611
4842,4843
5307,5385
1218,1632
2820,2902
3226,3430
4863,4931
5387,5390
1574,1724
2380,2447
2575,2720
3203,3317
4907,5087
1329,1601
2527,2589
2890,3220
3254,3255
3753,3759
4035,4142
4468,4912
5011,5058
10,599
289,578
787,1147
1759,2094
1824,1890
1953,2210
2889,3276
3438,3440
3567,3826
4134,4382
4890,4891
493,614
1111,1277
1794,1796
2825,3213
4937,5149
66,479
90,245
1151,1152
3286,3332
3752,3962
4819,4821
3730,3946
4999,5003
5094,5119
304,306
615,644
1186,1489
1558,1574
2303,2698
3243,3245
3334,3586
3369,3448
3460,3567
3900,4349
4044,4353
4077,4417
4324,4423
1804,2144
2562,2584
3073,3135
3799,3953
3954,3956
4922,4966
4931,4932
343,602
1666,1667
2491,2795
2638,2654
4318,4354
4517,4901
4839,4990
447,525
1377,1717
1688,1689
2681,2683
2890,2892
4050,4334
5087,5461
5265,5377
75,561
398,400
1192,1196
1405,1713
2126,2240
3346,3649
3819,3993
4494,4496
4793,4864
4875,5025
1272,1615
1825,2107
2155,2218
2733,2734
3081,3173
3329,3571
3405,3478
3579,3758
4195,4216
4847,4891
4864,4865
5233,5295
1749,1869
1776,1780
2267,2575
2763,2955
3316,3317
4149,4389
4925,4967
5065,5066
5360,5492
5364,5365
533,534
3763,3918
4824,4965
5057,5441
2281,2624
3914,4307
3918,4332
4510,4512
3291,3474
5143,5481
1122,1123
1767,1798
2913,2980
4147,4209
165,166
243,618
670,1009
1119,1293
1142,1143
1801,1911
3613,3636
3883,4168
4874,4948
5359,5361
306,337
3259,3413
4315,4317
1134,1135
1269,1656
1471,1575
1638,1709
2119,2121
2449,2783
2889,2957
4049,4399
4119,4221
5289,5349
5398,5401
548,745
1089,1168
1400,1662
1543,1602
1968,2236
2162,2171
2513,2612
2830,2834
4071,4346
5149,5175
543,545
2156,2258
4936,4937
1099,1253
2155,2157
3039,3218
545,695
816,881
1064,1135
1449,1689
2768,2969
3881,4153
5164,5272
89,90
184,186
1053,1059
1154,1363
1327,1392
1335,1442
1426,1527
2684,2755
2913,3020
3270,3324
3884,4175
4147,4169
4412,4659
515,646
1562,1584
1627,1628
1740,1822
4258,4274
5213,5276
5465,5507
1643,1801
3297,3338
3742,3748
787,852
1817,2201
2794,3046
3309,3342
4459,4794
4928,4929
562,563
1032,1034
1295,1612
1758,1790
1931,2251
2341,2737
3852,3883
5385,5386
5414,5488
5476,5505
176,315
1062,1063
1182,1461
1840,1947
2112,2271
2443,2468
2704,2803
3053,3116
4126,4309
4329,4331
4478,4525
4906,4952
1812,2155
2711,2856
3422,3424
4693,4755
5404,5405
729,797
1003,1062
1240,1571
1616,1617
1666,1712
1938,2004
2299,2634
3735,3737
3837,3838
491,559
1572,1573
1775,1848
2387,2761
2848,3292
3565,3631
544,643
1966,2149
2407,2767
4111,4137
4524,4590
332,333
1209,1288
1219,1223
1300,1407
1384,1492
3777,3978
3972,4315
4350,4404
4871,5016
5255,5432
5398,5434
1973,2072
2280,2403
2673,2727
4402,4624
35,553
1065,1066
1405,1471
3698,3755
3732,3733
3806,3862
3936,4376
5352,5354
2541,2724
3105,3217
3279,3453
3525,3802
4271,4277
4335,4485
4554,4920
90,191
123,161
1675,1861
1974,2222
3084,3249
3565,3873
3732,3891
3892,4379
4651,4717
4693,4827
582,641
1597,1702
3864,4091
3927,4337
4517,4544
4547,4612
4808,4903
5323,5382
928,1108
1253,1365
1386,1677
1695,1724
2008,2098
2272,2276
2695,2758
3361,3820
3909,4333
4374,4416
4414,4666
4811,4879
536,537
781,1144
1615,1617
1682,1726
1691,1692
2927,3033
3360,3483
3886,4189
5187,5446
802,869
900,963
1307,1413
2234,2235
2943,3214
4325,4475
235,554
643,928
776,1043
2298,2330
3200,3201
753,820
1157,1369
1300,1693
1579,1667
2115,2249
3814,3984
4817,4972
116,524
1219,1554
2280,2729
5199,5301
5370,5372
574,744
696,700
4280,4412
299,582
513,519
1694,1903
2771,2976
2970,3254
3228,3324
3856,3857
4517,4584
4582,4689
4708,4798
4862,4871
4925,4926
937,1046
1989,2229
2765,2807
3243,3311
3413,3833
3481,3506
3927,4002
4358,4420
4421,4693
4990,4994
5349,5501
1993,2055
2147,2150
5395,5458
379,549
620,837
1321,1684
1426,1609
3558,3870
5185,5210
367,435
795,862
1768,2099
2702,2711
3004,3112
4334,4335
4383,4575
5096,5363
837,945
873,1130
1043,1045
1072,1148
2839,3174
2989,3323
4647,4906
5164,5499
279,639
1732,1736
2811,2936
3197,3352
3784,3785
3901,4360
636,893
1284,1311
1670,1714
2326,2646
2743,2920
2830,3284
4065,4342
4406,4638
4976,5362
490,706
1759,1763
2936,3203
3438,3771
3681,3751
3781,3928
587,767
829,1163
1411,1437
3896,4282
4547,4653
5295,5360
2774,2775
3892,3896
4432,4919
5382,5507
762,1083
1083,1085
1134,1176
1174,1426
1442,1685
1909,1935
2709,2711
3444,3471
4463,4858
1278,1611
2357,2384
2976,3001
4732,4848
4845,4846
5115,5182
5377,5379
415,560
2357,2741
2738,2739
3849,3882
3860,4077
186,220
506,620
626,858
730,1060
1369,1703
2191,2357
2341,2410
2364,2430
3502,3609
3818,3880
4021,4046
5087,5193
644,935
1061,1063
1775,1806
2174,2248
3602,3845
3740,3741
3910,3914
3984,4050
4175,4262
4575,4682
2186,2242
2685,2686
2768,2769
2928,3193
406,408
698,745
1145,1146
3224,3226
4502,4504
570,624
2415,2785
3767,3811
288,418
491,497
2152,2228
3091,3195
3233,3234
3778,3781
3835,4021
4069,4403
4284,4425
4509,4577
5393,5502
224,225
408,463
2742,2801
3642,3698
3826,3872
5388,5484
5422,5423
1033,1154
2575,2628
2674,2763
3088,3268
3961,4030
4281,4494
4432,4436
5396,5397
5433,5486
737,1121
1896,1921
2235,2264
2696,2697
3807,3969
3851,3852
4918,5107
408,556
2186,2187
2659,2747
3347,3655
5269,5323
69,136
823,1161
1195,1246
1725,2022
2674,2676
2733,2786
3012,3278
3765,3876
678,1092
1398,1464
2485,2793
4883,5041
5407,5500
500,632
1178,1440
1307,1372
1365,1642
1612,1614
2198,2199
2757,2758
3006,3297
4248,4313
4603,4628
4815,4817
5026,5346
492,493
687,762
696,1136
865,890
2350,2680
2589,2649
3241,3388
3421,3817
3468,3733
136,531
1363,1428
306,387
1055,1056
1631,1776
2690,2839
2824,2874
3273,3274
3314,3315
4023,4294
5241,5302
893,992
1061,1146
1593,1647
1896,1961
3020,3282
3199,3201
3848,4049
4431,4885
1818,2151
2652,2653
2847,2922
3025,3050
35,148
611,612
760,827
879,943
1861,2224
3294,3295
3369,3489
4823,4825
159,532
415,468
664,714
3414,3416
4035,4405
5433,5434
5474,5475
1618,1654
2022,2195
2664,2805
2784,3011
3728,3823
4389,4422
4453,4502
4603,4668
4835,4966
4989,5068
1750,1754
2855,2928
3246,3248
4027,4053
2642,2664
2683,2838
3041,3315
3772,3848
5058,5060
5191,5257
252,335
468,533
652,1139
921,982
1079,1166
1585,1740
2892,3235
3102,3158
893,1080
1625,1775
1772,2162
2730,2784
2829,2908
3778,3814
4140,4162
5008,5339
1254,1578
2535,2772
2772,2803
3210,3291
4049,4114
1662,1663
2264,2555
2792,3039
3095,3153
3986,4268
5201,5475
5235,5472
49,96
418,539
942,998
1067,1111
1785,1858
2812,3299
4984,5034
186,600
860,1122
2248,2485
2271,2725
2289,2409
2693,2694
2776,2777
2807,3115
3221,3306
3396,3836
4824,4825
1498,1619
2394,2419
2415,2522
2688,2690
3904,3954
4603,4941
4929,4962
695,1101
2727,2889
2754,2796
2843,3238
3374,3767
3400,3731
4436,4822
4813,4934
4981,5440
5026,5028
5255,5313
9,10
342,540
787,813
1509,1569
2141,2143
2161,2308
2228,2229
2365,2647
2388,2653
4725,4837
4914,4915
5145,5422
614,823
688,1019
1593,1599
2144,2215
2211,2394
3422,3749
3872,4119
4016,4283
4624,4691
5426,5482
669,789
949,1003
1601,1686
1924,1991
2008,2068
4378,4567
488,583
915,1152
1123,1300
1213,1262
1503,1627
1945,2253
3594,3842
4830,4911
34,35
2949,3221
2962,3327
3004,3339
4027,4387
4687,4816
4848,4944
5373,5427
1342,1449
2137,2139
4280,4281
463,522
1356,1421
1495,1548
1604,1675
1685,1727
1884,2193
3308,3509
4971,5425
269,270
435,500
1527,1605
2557,2666
3168,3233
3885,4182
3970,3972
3984,4365
4007,4113
4091,4198
5015,5421
5101,5126
5220,5410
5450,5494
497,652
660,1109
1253,1673
1619,1621
4105,4130
4645,4953
4673,4736
4798,4814
4882,4883
5015,5046
998,1055
1032,1033
2182,2183
2652,2654
2851,2898
3453,3560
3765,3766
3789,3868
4008,4273
4105,4171
5138,5418
5472,5503
1278,1280
1579,1581
1847,1912
2811,3265
3919,4254
4964,5255
5143,5168
5374,5376
4859,4946
4893,4894
4985,5373
5278,5399
1256,1590
1591,1714
1689,1722
1903,1968
2997,3337
3910,4364
3969,4356
4722,4895
691,738
809,1159
1327,1353
1605,1606
1762,1810
2049,2109
2471,2791
2527,2549
3312,3343
3786,3788
4467,4498
4812,4814
4878,4949
512,722
1028,1123
1433,1496
2775,2804
3215,3346
4007,4072
4859,4861
4940,5157
103,105
871,937
2811,2894
3118,3239
4701,4762
4722,4744
82,491
595,781
1113,1166
2145,2256
2522,2765
2788,3025
3751,3874
4164,4329
4294,4296
5064,5130
5392,5468
1152,1183
1638,1639
1924,2032
2307,2338
2315,2388
3453,3520
4209,4269
4296,4449
4631,4951
4815,4949
5352,5353
2124,2265
2798,3060
2881,2950
3188,3283
3217,3322
4304,4306
4638,4704
5143,5208
5375,5506
573,574
651,734
665,1053
722,724
958,1079
1245,1318
1384,1719
1482,1538
2541,2602
3205,3360
3985,4267
4835,4836
4972,4976
5241,5333
100,101
1903,1928
3223,3378
3232,3308
4305,4416
4948,5185
5149,5483
207,521
376,473
949,970
2685,2796
4480,4811
473,544
629,871
795,1165
1050,1131
1889,1954
3360,3442
5454,5496
611,816
1057,1059
1696,1697
1826,2108
2673,2679
2882,2884
3306,3502
3504,3813
3744,3745
3783,3785
4189,4210
4668,4936
4952,5199
27,103
60,63
1106,1107
1588,1741
2153,2154
4313,4422
4518,4520
1236,1676
1877,2190
2001,2093
2131,2254
2158,2161
3743,3745
4408,4645
4454,4847
4826,4940
5050,5380
987,1065
2008,2188
2769,2802
3081,3264
3642,3815
3708,3773
4286,4288
4475,4881
5457,5458
692,1082
1091,1236
1475,1652
2207,2387
2276,2662
2866,2868
3216,3369
4867,4868
5080,5147
342,416
935,1022
1337,1650
2011,2115
2312,2702
2380,2487
2430,2714
3247,3248
3316,3345
4301,4303
4362,4421
4666,4849
4680,4702
392,453
1624,1625
1731,1814
4304,4375
4890,4944
70,542
1419,1521
2380,2773
2868,3199
3406,3408
5115,5485
5462,5506
1532,1616
2703,2771
2873,2945
4366,4367
1882,1949
3546,3837
5409,5488
1114,1284
1160,1377
1594,1596
2726,2727
3344,3635
3395,3426
3813,3866
4279,4367
4729,4783
215,216
1285,1567
1349,1455
1582,1588
1882,2247
2541,2633
3658,3779
4182,4238
4830,4832
5457,5498
7,565
535,537
1039,1127
1214,1607
1727,2035
1926,2217
2702,2715
2821,3280
4914,4956
4981,5324
5328,5393
839,1134
844,911
1538,1595
2436,2461
2722,2723
3455,3772
517,622
1184,1475
1653,1706
2742,2743
3754,3756
4701,4884
5007,5417
5080,5473
555,705
1577,1732
2147,2191
2167,2260
5283,5407
51,52
143,235
2258,2520
3039,3103
3102,3275
3248,3445
3355,3406
3379,3828
3398,3445
4098,4164
4271,4339
199,514
688,1132
1044,1045
2999,3294
3311,3516
3474,3539
4168,4258
4326,4328
4596,4621
4915,5101
1201,1205
2210,2254
2229,2262
2308,2312
3370,3824
3558,3583
3923,4318
4358,4359
4567,4927
5166,5457
5213,5312
78,596
1084,1085
2154,2307
2159,2246
3655,3708
3737,3892
4282,4343
4504,4844
73,145
323,324
503,505
729,757
1228,1232
3271,3437
4111,4415
5199,5263
606,802
1646,1702
1692,1723
2178,2179
3192,3194
3225,3226
3258,3329
3669,3729
4091,4411
5159,5454
687,1097
1398,1423
1573,1694
1619,1706
2125,2280
2746,2792
2876,3210
3115,3168
3637,3746
3935,4341
3953,4025
4370,4414
4837,4942
2112,2114
2315,2721
590,591
1089,1091
1489,1543
2382,2703
2989,3054
4269,4270
478,494
738,1071
3882,4161
4295,4426
4449,4528
5404,5503
5407,5408
1464,1629
3900,3982
3962,3964
4917,4958
1659,1833
1741,1745
2123,2237
3770,3919
4837,4839
482,504
682,730
797,1110
1678,1867
1889,2239
1966,2067
2493,2750
204,607
603,795
1046,1160
1151,1356
1270,1600
1785,1898
1801,1870
2121,2334
4128,4396
1647,1809
2134,2223
3600,3663
3729,3881
3946,3948
4395,4424
4563,4834
4582,4947
602,603
609,642
1548,1613
2341,2451
4998,5030
4999,5448
1227,1258
1646,1647
3199,3287
3444,3510
4424,4715
5107,5172
524,595
1802,2129
2342,2344
2747,2927
3004,3071
3213,3219
4729,4750
66,70
1103,1261
3621,3682
4310,4459
4444,4494
4961,5233
586,587
642,921
1055,1186
1411,1715
2167,2168
3392,3782
3481,3844
3586,3769
4396,4425
4524,4905
4989,5109
281,597
1584,1585
1898,2178
2029,2050
2316,2320
3238,3241
3744,3885
4375,4561
4833,4839
5049,5117
166,308
992,1076
1369,1434
1590,1592
1651,1817
2334,2658
2649,2650
2708,2905
3249,3328
3768,3770
4322,4331
196,604
651,776
1461,1522
1802,1804
2150,2299
5462,5463
1300,1367
1489,1510
2407,2472
2682,2683
3405,3829
4396,4397
4526,4808
4903,5080
969,1029
1801,2197
4416,4673
5088,5353
324,441
349,351
1075,1077
2934,3300
3429,3457
4063,4128
4788,4853
4899,5073
5363,5477
955,1008
1741,2084
2272,2759
2325,2438
3755,3756
4331,4476
5036,5370
5129,5235
272,594
528,530
591,774
823,848
1172,1419
2123,2125
2225,2226
2457,2524
3827,4007
4540,4933
4651,4677
4891,5057
816,841
1447,1469
2223,2415
2508,2776
2706,2708
2718,2719
2955,3022
3129,3189
3387,3418
3961,4357
4865,5015
5075,5392
21,569
1044,1185
1166,1398
2997,3105
3267,3429
4042,4109
534,687
645,942
744,1125
1595,1596
2171,2316
4971,5096
1686,1882
2120,2252
2677,2679
3332,3579
3761,3846
4084,4151
5403,5405
525,526
608,609
768,1033
3388,3832
4014,4079
825,1102
1321,1386
2562,2735
3324,3551
3429,3497
3862,4084
4063,4088
4651,4955
721,1117
907,1036
1793,1865
1794,2118
3336,3593
3834,3876
1065,1176
1433,1620
1708,1945
2190,2244
2501,2775
2623,2682
3238,3274
3516,3581
4272,4274
63,107
1008,1073
1931,2038
2803,3088
3011,3076
3502,3867
4291,4292
5438,5439
1475,1533
2657,2812
2686,2890
2985,3262
3054,3302
155,156
532,608
559,713
1293,1400
2298,2712
3379,3714
679,1128
928,1018
2856,2860
4468,4799
1621,1768
2650,2866
2957,3270
3487,3847
4126,4227
4195,4248
4653,4910
4931,5136
5191,5217
384,568
1321,1346
1607,1610
2043,2167
2834,3227
3206,3320
4980,5429
5363,5365
1786,1788
2693,2802
3588,3856
3995,4312
5351,5419
23,24
831,1106
2165,2315
2375,2692
3607,3736
5208,5476
5418,5419
1191,1645
1210,1214
2111,2179
2142,2143
2183,2341
2365,2366
3945,4369
4049,4155
4292,4502
4475,4506
5136,5201
563,721
1042,1103
1411,1477
1833,2230
2360,2706
4998,5412
955,1100
1688,1889
2166,2199
2394,2760
3830,3831
4318,4321
279,364
802,909
907,969
1118,1180
1122,1181
1833,1940
2169,2248
2480,2742
2485,2551
3802,3803
5227,5249
2157,2358
3224,3295
3822,3823
3887,4195
4133,4196
5338,5354
5409,5411
1074,1227
1363,1701
3365,3753
525,636
1818,1820
2320,2651
3356,3742
3874,4126
225,310
1148,1149
1308,1573
2856,3296
4554,4619
5015,5088
594,636
1031,1037
1076,1178
1079,1081
1200,1649
1624,1723
2114,2264
3211,3334
3631,3735
4609,4943
5060,5406
5359,5447
1205,1593
2271,2396
2754,2755
3081,3142
3234,3387
3239,3326
3745,3900
4589,4695
2272,2619
2703,2705
3219,3370
3286,3287
3978,3980
4584,4893
4674,4922
935,1112
1035,1169
1232,1622
1349,1699
1833,1900
3221,3223
4168,4228
4458,4535
5042,5369
5227,5289
145,487
2281,2285
2707,2708
3236,3338
3239,3241
4274,4424
4617,4725
5101,5166
5220,5242
5269,5416
844,1179
2578,2699
4822,4828
5353,5474
52,588
123,576
143,181
1961,2235
2108,2110
2485,2510
2551,2655
2776,2805
3822,3881
5178,5244
24,580
505,660
549,551
1817,1884
2789,3031
2955,3325
3233,3342
4493,4913
5028,5359
547,548
2457,2797
3178,3194
3977,4361
4195,4340
4843,4998
1201,1544
216,353
234,316
706,1026
1048,1201
1622,1631
2786,3018
2978,3258
3274,3444
176,262
1495,1516
2281,2740
514,516
852,1118
913,975
1677,1678
2142,2267
2762,2806
3405,3518
3421,3490
3741,3954
3764,3766
4893,4946
4910,4911
5171,5236
5178,5490
384,448
1261,1371
3635,3693
5020,5351
6,7
541,688
774,839
1468,1558
1723,2008
3378,3410
4708,4768
5206,5307
517,519
931,1035
1072,1074
1674,1675
1909,2243
2178,2249
3088,3178
3579,3681
5393,5394
7,189
510,591
886,1069
3031,3057
4855,4857
141,143
2166,2168
4501,4897
4866,4899
5094,5460
156,610
1428,1696
1629,1708
1848,2113
2290,2294
3628,3718
3851,4056
4328,4525
4611,4886
4998,5075
1041,1254
1754,2147
1780,2111
2246,2478
2401,2426
3195,3197
4811,4817
5438,5500
38,469
49,159
573,626
738,740
851,916
1342,1707
1796,2130
1889,1995
2131,2132
3621,3804
3746,3860
4834,4836
4867,4960
5064,5091
5454,5455
103,498
536,638
4844,4915
5403,5471
616,617
1426,1490
2664,2665
4450,4454
4467,4542
5094,5159
5213,5400
1277,1661
2913,3310
2962,3029
3845,3887
4561,4586
4831,4954
66,592
740,1086
1419,1598
2035,2056
2707,2800
3031,3097
679,1014
1654,1824
3460,3853
5446,5492
169,543
767,1141
1945,2011
3053,3240
3192,3193
4084,4192
24,464
583,760
638,900
660,783
1599,1750
2206,2252
2260,2527
2478,2544
2491,2517
4990,5444
527,571
544,545
1042,1048
1614,1767
2900,3246
1064,1066
1084,1183
1087,1088
2252,2499
2506,2689
2697,2898
3282,3283
3305,3306
4467,4877
4638,4950
4735,4880
1440,1503
2120,2121
2403,2674
5381,5466
571,737
783,1054
1440,1630
2820,2943
3467,3573
3759,3910
3776,3878
4014,4380
4215,4280
4848,4850
5450,5451
112,577
921,1013
1192,1679
2687,2731
3202,3208
3364,3414
3432,3775
4315,4378
4809,4961
105,510
1602,1603
1700,1917
2478,2790
3823,4000
4857,5058
669,748
1037,1192
1110,1111
1135,1321
1982,2225
2499,2678
2848,3179
3263,3421
3624,3789
3932,4322
4056,4121
4111,4177
858,883
2491,2557
4695,4932
4993,5042
5107,5467
5244,5409
75,178
166,613
1584,1725
1771,1818
1847,2221
2112,2113
2889,2917
3255,3405
3373,3422
4666,4730
196,281
829,855
1629,1631
1716,1973
2029,2083
2110,2326
2527,2656
2651,2719
5109,5381
5426,5427
2088,2153
3529,3555
4449,4569
4512,4855
4967,5275
1617,1818
1744,1794
2443,2781
2815,2866
2976,3318
3460,3527
241,243
3109,3256
3369,3793
4400,4617
4887,5049
313,394
516,669
1314,1379
1358,1638
2855,2886
3254,3328
3919,4368
4321,4468
4388,4389
4548,4813
143,585
1662,1721
2601,2671
2662,2723
2701,2848
3642,3664
3980,4326
4518,4851
4711,4815
4879,5033
1262,1264
3341,3613
4232,4316
4269,4421
4493,4605
871,897
2357,2424
3378,3792
3453,3850
4980,5062
358,360
744,810
1043,1157
2198,2260
2688,2784
2706,2739
46,49
92,94
716,1050
851,958
1938,2250
2443,2508
2866,3186
2941,3304
3743,3857
3984,4011
4092,4358
4946,5178
1181,1453
1591,1592
2072,2156
2109,2261
2333,2445
3123,3247
4286,4400
4327,4420
308,586
538,574
942,1115
1088,1285
1219,1668
2025,2137
2457,2565
4582,4649
4680,4743
528,624
1776,2216
2755,2941
1302,1623
1959,2023
4468,4472
4501,4570
705,818
1610,1759
2471,2536
2829,3253
3751,3752
4353,4354
5199,5378
5370,5451
532,534
913,1047
1785,2209
2771,2772
3854,4063
4302,4303
5041,5151
101,593
413,415
3430,3760
3497,3810
4126,4190
4808,4810
245,558
1126,1127
1685,1686
1917,1984
2660,2792
2684,2686
4182,4355
4944,5171
669,1093
2334,2336
2865,2978
4631,4696
829,894
2109,2110
3946,4266
4902,4961
313,346
1966,2030
2660,2661
2898,3231
3757,3759
4175,4352
5057,5084
37,38
216,625
1590,1671
1603,1758
4291,4414
4856,4857
522,647
2055,2120
2350,2352
2618,2675
2668,2821
3600,3790
3655,3800
3935,3966
4042,4407
1758,1835
2722,2780
2920,3027
2976,3041
3635,3812
4346,4402
4609,4635
4928,5129
324,401
392,482
594,595
753,860
1094,1168
1156,1185
1223,1618
1284,1665
3227,3271
3927,3958
879,981
1951,2017
2514,2762
2920,3313
3891,3974
708,1039
1200,1282
503,617
1227,1302
3217,3219
3544,3611
4272,4273
5348,5350
4042,4149
4313,4314
1029,1030
2548,2728
2583,2707
3210,3212
4440,4889
5388,5390
655,706
1571,1639
1616,1718
2654,2804
3834,3835
4153,4176
4334,4408
5136,5478
5229,5469
315,590
546,548
795,902
1973,2160
2422,2489
2705,2855
2852,3242
4086,4377
4569,4841
4862,4875
4878,4879
408,430
1453,1587
2217,2258
3314,3523
3495,3602
3913,3962
4275,4277
955,976
1482,1504
2214,2215
2694,2847
2805,3102
4743,4867
5171,5278
234,619
3018,3043
3182,3204
3818,3819
4567,4632
5251,5355
1612,1688
1749,1828
1940,2202
3429,3816
3798,3869
3928,4259
4007,4381
4823,4937
112,208
519,670
521,606
537,738
546,579
774,1140
1269,1297
2210,2211
3560,3822
3895,3946
4002,4323
4926,5122
186,272
2284,2334
3011,3118
1022,1044
2555,2613
2804,3095
4303,4458
549,628
558,559
2232,2263
2342,2669
2422,2529
2915,3232
3551,3871
3607,3629
4147,4276
4288,4441
4533,4600
4866,4868
5034,5358
101,201
1718,1980
2152,2154
2217,2218
2228,2429
2679,2830
3213,3267
3558,3624
4140,4203
4297,4402
5157,5497
125,520
597,638
2884,3224
3733,3854
4198,4319
5275,5328
2672,2882
3928,3932
4069,4095
4113,4370
4869,4871
5049,5436
755,1072
1447,1509
1572,1574
1810,2140
2078,2135
2373,2440
2506,2570
3628,3688
3931,3978
5117,5430
376,442
1269,1337
1702,1924
1740,1863
2266,2569
2964,3273
3481,3546
3579,3643
3649,3796
4323,4325
4388,4589
1993,2127
2038,2159
2774,2983
2934,2959
4035,4102
4533,4930
387,495
2438,2718
2734,2904
3308,3309
3467,3841
3892,4239
4338,4409
4509,4537
4577,4890
1102,1103
1601,1603
1650,1704
2316,2756
3607,3669
3732,3734
3970,4300
4533,4640
5033,5453
90,589
1608,1610
3945,4018
4812,4971
4972,5459
5124,5433
846,1137
1200,1323
1277,1344
1726,2029
2718,2789
3027,3286
3802,3860
1407,1666
1495,1640
1596,1749
4640,4902
4886,4942
4956,5213
5301,5371
5402,5415
2704,2705
3328,3565
4440,4563
4458,4490
2860,3191
3878,4140
4324,4325
5233,5256
5262,5318
2136,2289
2299,2748
2757,2798
2934,2999
4282,4288
1222,1270
1869,2141
2751,2934
3510,3794
3977,4044
4293,4347
5178,5203
194,196
547,640
2215,2401
2544,2709
3188,3190
3227,3230
3663,3787
4105,4413
4290,4292
156,247
489,490
492,651
605,647
3152,3236
4540,4607
4910,4954
216,301
502,563
582,583
624,851
1568,1663
2098,2114
2675,2806
3305,3347
3783,3851
3787,3788
4155,4392
1082,1095
1086,1088
1098,1099
2882,3209
3067,3089
3993,4100
4079,4374
4420,4687
4911,5094
5016,5020
542,551
567,729
2947,3012
5033,5145
5333,5404
1113,1114
1553,1624
3613,3747
4999,5334
5442,5443
746,1028
1039,1041
1413,1670
1741,2200
2119,2207
2294,2687
2349,2736
3901,4244
4000,4107
4316,4418
306,633
3046,3110
3112,3228
3391,3438
3593,3780
4783,4842
5422,5480
351,423
660,742
1575,1577
2190,2191
3191,3197
3388,3392
802,1167
1264,1604
1749,2173
2387,2493
2429,2535
3206,3208
3395,3801
3551,3616
3869,4111
4831,4832
5129,5194
5399,5486
297,379
341,342
1059,1210
1127,1307
1356,1698
2607,2685
2677,2782
2847,3257
3338,3600
3936,4263
5050,5052
458,515
1642,1643
3067,3129
3095,3272
3262,3320
3379,3383
3649,3670
3993,4060
4666,4767
138,546
1149,1182
2206,2207
5033,5105
5384,5455
1046,1048
1253,1325
1709,1951
2662,2668
3795,3945
4738,4859
5387,5431
400,575
893,956
1196,1582
1980,2002
2318,2365
3287,3467
3529,3863
3635,3722
4767,4845
5430,5431
816,1158
1667,1847
2001,2062
2569,2716
2726,2782
3396,3723
4441,4784
4496,4830
781,846
1131,1314
2035,2180
78,82
535,598
809,874
1453,1515
1602,1727
1635,1785
1959,2138
2261,2533
2575,2596
3413,3525
5375,5376
521,523
1162,1384
2927,3301
3652,3768
3848,3849
510,512
1231,1278
1732,2079
2133,2139
2236,2237
2349,2417
2449,2514
2865,2938
3729,3730
4284,4285
4894,5064
5272,5388
543,611
713,785
1169,1411
1335,1705
3315,3344
3523,3588
4418,4680
4693,4716
1029,1181
3193,3314
4735,4788
4834,4923
5257,5366
5364,5505
1658,1720
2569,2623
2758,2947
2881,3277
2897,3281
3954,4278
3969,3997
4886,4887
259,623
678,710
1187,1495
1356,1381
1447,1576
1683,1875
2156,2157
2466,2757
3242,3255
3258,3259
4450,4789
1323,1594
2132,2342
2983,3321
3544,3879
526,730
894,1142
1650,1651
2164,2165
3487,3552
3571,3637
4520,4866
5193,5450
250,252
1034,1184
1875,1942
2714,2788
3031,3335
4459,4908
5318,5375
2333,2405
2349,2377
2839,3288
3846,4042
4906,4907
1013,1084
1623,1625
2035,2088
2328,2659
2692,2694
2777,2989
3073,3207
3523,3548
1087,1180
2648,2650
2698,2701
3203,3205
3767,3770
4994,5387
5476,5477
492,494
504,505
1793,2213
1835,2152
2307,2382
3158,3215
3586,3650
4056,4081
4342,4343
1142,1186
1482,1655
1626,1659
1758,2172
1905,2182
1917,2025
3290,3291
3387,3797
3571,3875
4486,4806
4617,4684
4975,5026
5073,5470
5082,5403
5122,5189
1204,1254
1721,1993
2675,2676
2873,2985
38,584
1724,2015
1867,2227
2102,2124
2280,2362
3571,3597
3750,3752
5008,5012
495,629
4687,4749
2133,2187
2833,2882
3294,3336
5355,5357
515,516
1067,1070
1586,1588
3483,3754
4971,5054
196,229
2628,2693
2696,2798
2848,2852
3033,3290
3266,3267
3739,3827
3909,4029
4189,4243
5018,5065
5164,5231
367,393
1285,1286
2655,2789
3785,3935
3798,3799
4475,4548
65,66
1768,1772
2802,3081
2816,3202
3600,3622
4327,4328
5442,5501
7,129
257,259
1209,1633
2533,2556
2699,2786
3230,3379
3776,3777
4589,4654
837,1177
1246,1566
1938,1963
2821,2825
3326,3558
3762,3763
5157,5265
